{"age": ["18-29 ans", "30-49 ans", "50-64 ans", "65-74 ans", "75 ans et plus"], "n_dose1": [17562, 117691, 325675, 124882, 767302], "n_dose2": [237, 2070, 12399, 2967, 6526], "n_dose1_pop": [0.19889014722536805, 0.719822629969419, 2.6116680032076984, 1.7344722222222224, 12.276832], "n_dose2_pop": [0.0026840317100792752, 0.012660550458715595, 0.09943063352044908, 0.04120833333333333, 0.104416]}