{"age": ["18-29 ans", "30-49 ans", "50-64 ans", "65-74 ans", "75 ans et plus"], "n_dose1": [16207, 109530, 309934, 115203, 683706], "n_dose2": [127, 1003, 6435, 1437, 2737], "n_dose1_pop": [0.18354473386183465, 0.669908256880734, 2.485437048917402, 1.6000416666666666, 10.939296], "n_dose2_pop": [0.0014382785956964892, 0.006134556574923548, 0.051603849238171615, 0.01995833333333333, 0.043792]}